路線,路線名稱,站序,中文站點名稱,經度,緯度,去回,英文站點名稱
131,北屯區行政大樓  - 朝陽科技大學,1,北屯區行政大樓,120.68619,24.18203,去程,Beitun District Admin. Building
131,北屯區行政大樓  - 朝陽科技大學,2,崇德六路口,120.686075,24.180863,去程,Chongde 6th Rd.
131,北屯區行政大樓  - 朝陽科技大學,3,崇德五路口,120.685845,24.178725,去程,Chongde 5th Rd.
131,北屯區行政大樓  - 朝陽科技大學,4,崇德一路口,120.6858567,24.17674333,去程,Chongde 1st Rd.
131,北屯區行政大樓  - 朝陽科技大學,5,崇德國中(民俗公園),120.6855977,24.17522973,去程,Chongde J. H. S.(Minsu Park)
131,北屯區行政大樓  - 朝陽科技大學,6,崇德瀋陽路口,120.6854796,24.1731449,去程,Chongde-Shenyang Intersection
131,北屯區行政大樓  - 朝陽科技大學,7,崇德文心路口,120.685443,24.171953,去程,Chongde-Wenxin Intersection
131,北屯區行政大樓  - 朝陽科技大學,8,崇德北平路口,120.685407,24.170797,去程,Chongde-Beiping Intersection
131,北屯區行政大樓  - 朝陽科技大學,9,崇德青島路口,120.685247,24.16863,去程,Chongde-Qingdao Intersection
131,北屯區行政大樓  - 朝陽科技大學,10,崇德橋,120.685192,24.16613,去程,Chongde Bridge
131,北屯區行政大樓  - 朝陽科技大學,11,進化北永興街口,120.682958,24.163092,去程,Jinhua N.-Yongxing Intersection
131,北屯區行政大樓  - 朝陽科技大學,12,學士德化街口,120.680958,24.161383,去程,Xueshi-Dehua Intersection
131,北屯區行政大樓  - 朝陽科技大學,13,學士健行路口,120.680847,24.159273,去程,Xueshi-Jianxing Intersection
131,北屯區行政大樓  - 朝陽科技大學,14,中國醫藥大學,120.68133,24.156868,去程,China Medical U.
131,北屯區行政大樓  - 朝陽科技大學,15,五權國中,120.679688,24.155755,去程,Wuquan J.H.S.
131,北屯區行政大樓  - 朝陽科技大學,16,文莊里,120.677375,24.154332,去程,Wenzhuang Village
131,北屯區行政大樓  - 朝陽科技大學,17,臺中二中,120.677398,24.152335,去程,Taichung 2nd H.S.
131,北屯區行政大樓  - 朝陽科技大學,18,光大里,120.67864,24.15177,去程,Guangda Village
131,北屯區行政大樓  - 朝陽科技大學,19,五常里,120.68025,24.15236,去程,Wuchang Village
131,北屯區行政大樓  - 朝陽科技大學,20,五權學士路口,120.68389,24.15388,去程,Wuquan-Xueshi Rd. Intersection
131,北屯區行政大樓  - 朝陽科技大學,21,莒光新城,120.687791,24.154135,去程,Juguang Community
131,北屯區行政大樓  - 朝陽科技大學,22,臺灣體大體育場,120.688857,24.152328,去程,Sports U. Stadium
131,北屯區行政大樓  - 朝陽科技大學,23,臺中一中,120.687423,24.148965,去程,Taichung 1st H.S.
131,北屯區行政大樓  - 朝陽科技大學,24,臺灣體大游泳池,120.686242,24.146603,去程,Sports U. Swimming Pool
131,北屯區行政大樓  - 朝陽科技大學,25,臺中公園(雙十路),120.686059,24.1441592,去程,Taichung Park (Shuangshi Rd.)
131,北屯區行政大樓  - 朝陽科技大學,26,干城站,120.6857586,24.14086963,去程,Gancheng Station
131,北屯區行政大樓  - 朝陽科技大學,27,臺中火車站,120.68301,24.136313,去程,Taichung Railway Station
131,北屯區行政大樓  - 朝陽科技大學,28,第三市場,120.68354,24.133007,去程,The Third Market
131,北屯區行政大樓  - 朝陽科技大學,29,臺中國小,120.685017,24.130257,去程,Taichung  El. School
131,北屯區行政大樓  - 朝陽科技大學,30,興大附農(臺中路),120.684645,24.128025,去程,Taichung Agri. H.S. (Taichung Rd.)
131,北屯區行政大樓  - 朝陽科技大學,31,南門仔,120.684042,24.12544863,去程,Nanmenzi
131,北屯區行政大樓  - 朝陽科技大學,32,明德高中(臺中路),120.6842995,24.12292234,去程,Mingder Senior High School(Taichung Rd.)
131,北屯區行政大樓  - 朝陽科技大學,33,南門橋頭,120.68664,24.121198,去程,Nanmen Qiaotou
131,北屯區行政大樓  - 朝陽科技大學,34,菸葉廠,120.689572,24.11794,去程,Tobacco Factory
131,北屯區行政大樓  - 朝陽科技大學,35,菩提醫院,120.689579,24.115084,去程,Puti Hospital
131,北屯區行政大樓  - 朝陽科技大學,36,中興內新街口,120.689736,24.114082,去程,Zhongxing-Neixin Intersection
131,北屯區行政大樓  - 朝陽科技大學,37,省農會,120.689857,24.112755,去程,Provincial Farmers` Association
131,北屯區行政大樓  - 朝陽科技大學,38,內新市場,120.689931,24.11107,去程,Neixin Market
131,北屯區行政大樓  - 朝陽科技大學,39,中興大里路口,120.6900287,24.10862538,去程,Zhongxue-Dali Intersection
131,北屯區行政大樓  - 朝陽科技大學,40,立人高中,120.689406,24.105839,去程,Lizen Senior High School
131,北屯區行政大樓  - 朝陽科技大學,41,下內新,120.688637,24.102568,去程,Xianeixin
131,北屯區行政大樓  - 朝陽科技大學,42,兒童藝術館(中興路),120.6879,24.10002,去程,Taichung English & Art Museum
131,北屯區行政大樓  - 朝陽科技大學,43,大突寮(中興路),120.686942,24.097347,去程,Datuliao (Zhongxing Rd.)
131,北屯區行政大樓  - 朝陽科技大學,44,中興仁化路口,120.69146,24.09192,去程,Zhongxing-Renhua Intersection
131,北屯區行政大樓  - 朝陽科技大學,45,塗城中興路口,120.693648,24.090838,去程,Tucheng-Zhongxing Intersection
131,北屯區行政大樓  - 朝陽科技大學,46,塗城市場,120.695322,24.091132,去程,Tucheng Market
131,北屯區行政大樓  - 朝陽科技大學,47,成功社區,120.69716,24.090386,去程,Chenggong Community
131,北屯區行政大樓  - 朝陽科技大學,48,泰興社區,120.69929,24.089225,去程,Taixing Community
131,北屯區行政大樓  - 朝陽科技大學,49,塗城龍城街口,120.701204,24.088749,去程,Tucheng-Longcheng  Intersection
131,北屯區行政大樓  - 朝陽科技大學,50,下塗城,120.702762,24.088182,去程,Xiatucheng
131,北屯區行政大樓  - 朝陽科技大學,51,竹圍(塗城路),120.705035,24.087822,去程,Zhuwei (Tucheng Rd.)
131,北屯區行政大樓  - 朝陽科技大學,52,統一化學,120.707872,24.086985,去程,Tongyi Huaxue
131,北屯區行政大樓  - 朝陽科技大學,53,十全藥局,120.70997,24.086363,去程,Cheng Pharmacy
131,北屯區行政大樓  - 朝陽科技大學,54,頂塗城,120.712313,24.08601,去程,Dingtucheng
131,北屯區行政大樓  - 朝陽科技大學,55,大庄,120.71531,24.086125,去程,Dazhuang
131,北屯區行政大樓  - 朝陽科技大學,56,靶場,120.71951,24.086199,去程,Bachang
131,北屯區行政大樓  - 朝陽科技大學,57,銀聯一村,120.729577,24.08783,去程,Yinlian 1st Village
131,北屯區行政大樓  - 朝陽科技大學,58,吉峰國小,120.718405,24.079662,去程,Gi-Fon Elementary School
131,北屯區行政大樓  - 朝陽科技大學,59,交叉點,120.717042,24.077641,去程,Intersection
131,北屯區行政大樓  - 朝陽科技大學,60,吉峰里,120.7149303,24.07615751,去程,Jifeng Village
131,北屯區行政大樓  - 朝陽科技大學,61,吉峰東路口,120.714578,24.075047,去程,Jifeng E. Rd.
131,北屯區行政大樓  - 朝陽科技大學,62,吉峰東自強路口,120.715046,24.073747,去程,Jifeng E. -Ziqiang Intersection
131,北屯區行政大樓  - 朝陽科技大學,63,朝陽科技大學,120.715612,24.069975,去程,Chaoyang University of Technology
131,北屯區行政大樓  - 朝陽科技大學,1,朝陽科技大學,120.715515,24.070408,回程,Chaoyang University of Technology
131,北屯區行政大樓  - 朝陽科技大學,2,吉峰東自強路口,120.715164,24.074051,回程,Jifeng E. -Ziqiang Intersection
131,北屯區行政大樓  - 朝陽科技大學,3,吉峰東路口,120.714578,24.075047,回程,Jifeng E. Rd.
131,北屯區行政大樓  - 朝陽科技大學,4,吉峰里,120.7149303,24.07615751,回程,Jifeng Village
131,北屯區行政大樓  - 朝陽科技大學,5,交叉點,120.717042,24.077641,回程,Intersection
131,北屯區行政大樓  - 朝陽科技大學,6,吉峰國小,120.718405,24.079662,回程,Gi-Fon Elementary School
131,北屯區行政大樓  - 朝陽科技大學,7,銀聯一村,120.729577,24.08783,回程,Yinlian 1st Village
131,北屯區行政大樓  - 朝陽科技大學,8,靶場,120.71951,24.086199,回程,Bachang
131,北屯區行政大樓  - 朝陽科技大學,9,大庄,120.71531,24.086125,回程,Dazhuang
131,北屯區行政大樓  - 朝陽科技大學,10,頂塗城,120.712313,24.08601,回程,Dingtucheng
131,北屯區行政大樓  - 朝陽科技大學,11,十全藥局,120.70997,24.086363,回程,Cheng Pharmacy
131,北屯區行政大樓  - 朝陽科技大學,12,統一化學,120.707872,24.086985,回程,Tongyi Huaxue
131,北屯區行政大樓  - 朝陽科技大學,13,竹圍(塗城路),120.705035,24.087822,回程,Zhuwei (Tucheng Rd.)
131,北屯區行政大樓  - 朝陽科技大學,14,下塗城,120.702762,24.088182,回程,Xiatucheng
131,北屯區行政大樓  - 朝陽科技大學,15,塗城龍城街口,120.701204,24.088749,回程,Tucheng-Longcheng  Intersection
131,北屯區行政大樓  - 朝陽科技大學,16,泰興社區,120.699233,24.089379,回程,Taixing Community
131,北屯區行政大樓  - 朝陽科技大學,17,成功社區,120.69716,24.090386,回程,Chenggong Community
131,北屯區行政大樓  - 朝陽科技大學,18,塗城市場,120.695322,24.091132,回程,Tucheng Market
131,北屯區行政大樓  - 朝陽科技大學,19,塗城中興路口,120.693648,24.090838,回程,Tucheng-Zhongxing Intersection
131,北屯區行政大樓  - 朝陽科技大學,20,中興仁化路口,120.691623,24.091622,回程,Zhongxing-Renhua Intersection
131,北屯區行政大樓  - 朝陽科技大學,21,大突寮(中興路),120.686942,24.097347,回程,Datuliao (Zhongxing Rd.)
131,北屯區行政大樓  - 朝陽科技大學,22,兒童藝術館(中興路),120.687348,24.098917,回程,Taichung English & Art Museum
131,北屯區行政大樓  - 朝陽科技大學,23,下內新,120.688502,24.102828,回程,Xianeixin
131,北屯區行政大樓  - 朝陽科技大學,24,立人高中,120.689406,24.105839,回程,Lizen Senior High School
131,北屯區行政大樓  - 朝陽科技大學,25,中興大里路口,120.689962,24.108408,回程,Zhongxue-Dali Intersection
131,北屯區行政大樓  - 朝陽科技大學,26,內新市場,120.6900153,24.11078961,回程,Neixin Market
131,北屯區行政大樓  - 朝陽科技大學,27,省農會,120.689857,24.112496,回程,Provincial Farmers` Association
131,北屯區行政大樓  - 朝陽科技大學,28,中興內新街口,120.689736,24.114082,回程,Zhongxing-Neixin Intersection
131,北屯區行政大樓  - 朝陽科技大學,29,菩提醫院,120.689698,24.11519,回程,Puti Hospital
131,北屯區行政大樓  - 朝陽科技大學,30,菸葉廠,120.689478,24.117373,回程,Tobacco Factory
131,北屯區行政大樓  - 朝陽科技大學,31,南門橋頭,120.68679,24.121102,回程,Nanmen Qiaotou
131,北屯區行政大樓  - 朝陽科技大學,32,明德高中(臺中路),120.6842995,24.12292234,回程,Mingder Senior High School(Taichung Rd.)
131,北屯區行政大樓  - 朝陽科技大學,33,南門仔,120.684042,24.12544863,回程,Nanmenzi
131,北屯區行政大樓  - 朝陽科技大學,34,興大附農(臺中路),120.684425,24.12723,回程,Taichung Agri. H.S. (Taichung Rd.)
131,北屯區行政大樓  - 朝陽科技大學,35,臺中國小,120.685058,24.13029,回程,Taichung  El. School
131,北屯區行政大樓  - 朝陽科技大學,36,第三市場,120.68365,24.132948,回程,The Third Market
131,北屯區行政大樓  - 朝陽科技大學,37,臺中火車站,120.683912,24.136519,回程,Taichung Railway Station
131,北屯區行政大樓  - 朝陽科技大學,38,干城站,120.6857586,24.14086963,回程,Gancheng Station
131,北屯區行政大樓  - 朝陽科技大學,39,立體停車場(雙十路),120.6858217,24.14247833,回程,Parking Tower (Shuangshi Rd.)
131,北屯區行政大樓  - 朝陽科技大學,40,臺中公園(雙十路),120.686059,24.1441592,回程,Taichung Park (Shuangshi Rd.)
131,北屯區行政大樓  - 朝陽科技大學,41,臺灣體大游泳池,120.686242,24.146603,回程,Sports U. Swimming Pool
131,北屯區行政大樓  - 朝陽科技大學,42,臺中一中,120.687423,24.148965,回程,Taichung 1st H.S.
131,北屯區行政大樓  - 朝陽科技大學,43,臺灣體大體育場,120.688857,24.152328,回程,Sports U. Stadium
131,北屯區行政大樓  - 朝陽科技大學,44,莒光新城,120.687791,24.154135,回程,Juguang Community
131,北屯區行政大樓  - 朝陽科技大學,45,五權學士路口,120.68389,24.15388,回程,Wuquan-Xueshi Rd. Intersection
131,北屯區行政大樓  - 朝陽科技大學,46,五常里,120.68025,24.15236,回程,Wuchang Village
131,北屯區行政大樓  - 朝陽科技大學,47,光大里,120.67864,24.15177,回程,Guangda Village
131,北屯區行政大樓  - 朝陽科技大學,48,臺中二中,120.677398,24.152335,回程,Taichung 2nd H.S.
131,北屯區行政大樓  - 朝陽科技大學,49,文莊里,120.677375,24.154332,回程,Wenzhuang Village
131,北屯區行政大樓  - 朝陽科技大學,50,五權國中,120.678692,24.155755,回程,Wuquan J.H.S.
131,北屯區行政大樓  - 朝陽科技大學,51,中國醫藥大學,120.681477,24.15645,回程,China Medical U.
131,北屯區行政大樓  - 朝陽科技大學,52,學士健行路口,120.680847,24.159273,回程,Xueshi-Jianxing Intersection
131,北屯區行政大樓  - 朝陽科技大學,53,學士德化街口,120.68098,24.161532,回程,Xueshi-Dehua Intersection
131,北屯區行政大樓  - 朝陽科技大學,54,進化北永興街口,120.682453,24.163108,回程,Jinhua N.-Yongxing Intersection
131,北屯區行政大樓  - 朝陽科技大學,55,崇德橋,120.685192,24.16613,回程,Chongde Bridge
131,北屯區行政大樓  - 朝陽科技大學,56,崇德青島路口,120.685123,24.16787,回程,Chongde-Qingdao Intersection
131,北屯區行政大樓  - 朝陽科技大學,57,崇德北平路口,120.68539,24.170328,回程,Chongde-Beiping Intersection
131,北屯區行政大樓  - 朝陽科技大學,58,崇德文心路口,120.685443,24.171953,回程,Chongde-Wenxin Intersection
131,北屯區行政大樓  - 朝陽科技大學,59,崇德瀋陽路口,120.6854796,24.1731449,回程,Chongde-Shenyang Intersection
131,北屯區行政大樓  - 朝陽科技大學,60,崇德國中(民俗公園),120.6855977,24.17522973,回程,Chongde J. H. S.(Minsu Park)
131,北屯區行政大樓  - 朝陽科技大學,61,崇德一路口,120.68586,24.17695333,回程,Chongde 1st Rd.
131,北屯區行政大樓  - 朝陽科技大學,62,崇德五路口,120.685845,24.178725,回程,Chongde 5th Rd.
131,北屯區行政大樓  - 朝陽科技大學,63,崇德六路口,120.686075,24.180863,回程,Chongde 6th Rd.
131,北屯區行政大樓  - 朝陽科技大學,64,北屯區行政大樓,120.68619,24.18203,回程,Beitun District Admin. Building
132,北屯區行政大樓-朝陽科技大學,1,北屯區行政大樓,120.6861133,24.18260333,去程,Beitun District Admin. Building
132,北屯區行政大樓-朝陽科技大學,2,崇德六路口,120.686075,24.180863,去程,Chongde 6th Rd.
132,北屯區行政大樓-朝陽科技大學,3,崇德五路口,120.6858927,24.1791277,去程,Chongde 5th Rd.
132,北屯區行政大樓-朝陽科技大學,4,崇德一路口,120.685767,24.177235,去程,Chongde 1st Rd.
132,北屯區行政大樓-朝陽科技大學,5,崇德國中(民俗公園),120.6855977,24.17522973,去程,Chongde J. H. S.(Minsu Park)
132,北屯區行政大樓-朝陽科技大學,6,崇德瀋陽路口,120.6854796,24.1731449,去程,Chongde-Shenyang Intersection
132,北屯區行政大樓-朝陽科技大學,7,崇德文心路口,120.685443,24.171953,去程,Chongde-Wenxin Intersection
132,北屯區行政大樓-朝陽科技大學,8,崇德北平路口,120.685407,24.170797,去程,Chongde-Beiping Intersection
132,北屯區行政大樓-朝陽科技大學,9,崇德青島路口,120.685247,24.16863,去程,Chongde-Qingdao Intersection
132,北屯區行政大樓-朝陽科技大學,10,崇德橋,120.685192,24.16613,去程,Chongde Bridge
132,北屯區行政大樓-朝陽科技大學,11,頂厝里,120.686313,24.16313,去程,Dingcuo Village
132,北屯區行政大樓-朝陽科技大學,12,稅務新村,120.6877327,24.16303344,去程,Shuiwu Community
132,北屯區行政大樓-朝陽科技大學,13,北屯市場,120.68986,24.16306,去程,Beitun Market
132,北屯區行政大樓-朝陽科技大學,14,監理站,120.692068,24.161015,去程,Motor Vehicles Office
132,北屯區行政大樓-朝陽科技大學,15,寶覺寺,120.689733,24.157738,去程,Baojue Temple
132,北屯區行政大樓-朝陽科技大學,16,新民高中(三民路),120.687937,24.156218,去程,Shin-min H.S. (Sanmin Rd.)
132,北屯區行政大樓-朝陽科技大學,17,三民錦中街口,120.68695,24.15527833,去程,Sanmin-Jinzhong Intersection
132,北屯區行政大樓-朝陽科技大學,18,一心市場,120.685778,24.154103,去程,Yixin Market
132,北屯區行政大樓-朝陽科技大學,19,中友百貨,120.684835,24.151767,去程,Chungyo Department Store
132,北屯區行政大樓-朝陽科技大學,20,國立臺中科技大學,120.683715,24.14893,去程,NTCUST
132,北屯區行政大樓-朝陽科技大學,21,臺中公園(三民路),120.682117,24.145067,去程,Taichung Park (Sanmin Rd.)
132,北屯區行政大樓-朝陽科技大學,22,光復國小(三民路),120.68111,24.143967,去程,Guang Fu El. School(Sanmin Rd.)
132,北屯區行政大樓-朝陽科技大學,23,第二市場(三民路),120.6797719,24.14267107,去程,2nd Market (Sanmin Rd.)
132,北屯區行政大樓-朝陽科技大學,24,美榮藥局,120.6783772,24.1413102,去程,Mei Rong Pharmacy
132,北屯區行政大樓-朝陽科技大學,25,臺中州廳,120.6784783,24.13910167,去程,Taichung Prefectural Hall
132,北屯區行政大樓-朝陽科技大學,26,合作金庫,120.6804264,24.13835344,去程,Taiwan Cooperative Bank
132,北屯區行政大樓-朝陽科技大學,27,彰化銀行(自由路),120.6818265,24.13971924,去程,Chang Hwa Bank(Ziyou Rd.)
132,北屯區行政大樓-朝陽科技大學,28,臺中火車站,120.6845999,24.13796181,去程,Taichung Railway Station
132,北屯區行政大樓-朝陽科技大學,29,第三市場,120.68354,24.133007,去程,The Third Market
132,北屯區行政大樓-朝陽科技大學,30,臺中國小,120.685017,24.130257,去程,Taichung  El. School
132,北屯區行政大樓-朝陽科技大學,31,興大附農(臺中路),120.684645,24.128025,去程,Taichung Agri. H.S. (Taichung Rd.)
132,北屯區行政大樓-朝陽科技大學,32,南門仔,120.684042,24.12544863,去程,Nanmenzi
132,北屯區行政大樓-朝陽科技大學,33,明德高中(臺中路),120.6842995,24.12292234,去程,Mingder Senior High School(Taichung Rd.)
132,北屯區行政大樓-朝陽科技大學,34,南門橋頭,120.68664,24.121198,去程,Nanmen Qiaotou
132,北屯區行政大樓-朝陽科技大學,35,菸葉廠,120.689572,24.11794,去程,Tobacco Factory
132,北屯區行政大樓-朝陽科技大學,36,菩提醫院,120.689579,24.115084,去程,Puti Hospital
132,北屯區行政大樓-朝陽科技大學,37,中興內新街口,120.689736,24.114082,去程,Zhongxing-Neixin Intersection
132,北屯區行政大樓-朝陽科技大學,38,省農會,120.689857,24.112755,去程,Provincial Farmers` Association
132,北屯區行政大樓-朝陽科技大學,39,內新市場,120.689931,24.11107,去程,Neixin Market
132,北屯區行政大樓-朝陽科技大學,40,中興大里路口,120.6900287,24.10862538,去程,Zhongxue-Dali Intersection
132,北屯區行政大樓-朝陽科技大學,41,立人高中,120.689406,24.105839,去程,Lizen Senior High School
132,北屯區行政大樓-朝陽科技大學,42,下內新,120.688637,24.102568,去程,Xianeixin
132,北屯區行政大樓-朝陽科技大學,43,兒童藝術館(勝利二路),120.6878185,24.10030107,去程,Taichung English & Art Museum(Shengli 2nd Rd.)
132,北屯區行政大樓-朝陽科技大學,44,大里國光路口,120.683011,24.100575,去程,Dali-Guoguang Intersection
132,北屯區行政大樓-朝陽科技大學,45,大里區公所,120.679427,24.099341,去程,Dali District Office
132,北屯區行政大樓-朝陽科技大學,46,東里國中路口,120.679402,24.095721,去程,Dongli Guozhong Intersection
132,北屯區行政大樓-朝陽科技大學,47,市立大里高中(大衛路口),120.6804907,24.09572736,去程,Dali S. H. S.(Dawei Rd.)
132,北屯區行政大樓-朝陽科技大學,48,台電大里服務所,120.681708,24.096082,去程,Taipower Service center (Dali).
132,北屯區行政大樓-朝陽科技大學,49,大突寮(國中路),120.6852919,24.09539437,去程,Datuliao(Guozhong Rd)
132,北屯區行政大樓-朝陽科技大學,50,中興仁化路口,120.69146,24.09192,去程,Zhongxing-Renhua Intersection
132,北屯區行政大樓-朝陽科技大學,51,青年高中,120.693712,24.08994,去程,Youth Senior High School
132,北屯區行政大樓-朝陽科技大學,52,大里圖書館(中興路),120.6959724,24.08754424,去程,Dali Library (Zhongxing Rd.)
132,北屯區行政大樓-朝陽科技大學,53,草湖,120.697072,24.084087,去程,Caohu
132,北屯區行政大樓-朝陽科技大學,54,中興東南路口,120.698265,24.080607,去程,Zhongxing-Dongnan Intersection
132,北屯區行政大樓-朝陽科技大學,55,中正吉峰路口,120.6992722,24.07710838,去程,Zhongzheng-Jifeng Intersection
132,北屯區行政大樓-朝陽科技大學,56,霧峰分局,120.7011,24.0758,去程,Wufeng Police Precinct
132,北屯區行政大樓-朝陽科技大學,57,全陽社區,120.7070875,24.07648076,去程,Quanchang Community
132,北屯區行政大樓-朝陽科技大學,58,吉峰社區,120.710985,24.076938,去程,Jifeng Community
132,北屯區行政大樓-朝陽科技大學,59,台影文化城,120.715078,24.077073,去程,Taiying Wenhuacheng
132,北屯區行政大樓-朝陽科技大學,60,吉峰里,120.71533,24.076322,去程,Jifeng Village
132,北屯區行政大樓-朝陽科技大學,61,吉峰東路口,120.714578,24.075047,去程,Jifeng E. Rd.
132,北屯區行政大樓-朝陽科技大學,62,吉峰東自強路口,120.715046,24.073747,去程,Jifeng E. -Ziqiang Intersection
132,北屯區行政大樓-朝陽科技大學,63,朝陽科技大學,120.715612,24.069975,去程,Chaoyang University of Technology
132,北屯區行政大樓-朝陽科技大學,1,朝陽科技大學,120.71551,24.07041,回程,Chaoyang University of Technology
132,北屯區行政大樓-朝陽科技大學,2,吉峰東自強路口,120.715164,24.074051,回程,Jifeng E. -Ziqiang Intersection
132,北屯區行政大樓-朝陽科技大學,3,吉峰東路口,120.714552,24.075035,回程,Jifeng E. Rd.
132,北屯區行政大樓-朝陽科技大學,4,吉峰里,120.71533,24.076322,回程,Jifeng Village
132,北屯區行政大樓-朝陽科技大學,5,台影文化城,120.7148337,24.07720562,回程,Taiying Wenhuacheng
132,北屯區行政大樓-朝陽科技大學,6,吉峰社區,120.710985,24.076938,回程,Jifeng Community
132,北屯區行政大樓-朝陽科技大學,7,全陽社區,120.707295,24.076482,回程,Quanchang Community
132,北屯區行政大樓-朝陽科技大學,8,霧峰分局,120.7011,24.0758,回程,Wufeng Police Precinct
132,北屯區行政大樓-朝陽科技大學,9,中正吉峰路口,120.699867,24.075967,回程,Zhongzheng-Jifeng Intersection
132,北屯區行政大樓-朝陽科技大學,10,中興東南路口,120.698265,24.080607,回程,Zhongxing-Dongnan Intersection
132,北屯區行政大樓-朝陽科技大學,11,草湖,120.697072,24.084087,回程,Caohu
132,北屯區行政大樓-朝陽科技大學,12,財政部印刷廠,120.6963533,24.08663333,回程,The Printing Plant. Ministry of Finance
132,北屯區行政大樓-朝陽科技大學,13,大里圖書館(中興路),120.6954038,24.08861674,回程,Dali Library (Zhongxing Rd.)
132,北屯區行政大樓-朝陽科技大學,14,青年高中,120.693712,24.08994,回程,Youth Senior High School
132,北屯區行政大樓-朝陽科技大學,15,中興仁化路口,120.6919384,24.09168239,回程,Zhongxing-Renhua Intersection
132,北屯區行政大樓-朝陽科技大學,16,大突寮(國中路),120.6852919,24.09539437,回程,Datuliao(Guozhong Rd)
132,北屯區行政大樓-朝陽科技大學,17,台電大里服務所,120.681708,24.096082,回程,Taipower Service center (Dali).
132,北屯區行政大樓-朝陽科技大學,18,市立大里高中(大衛路口),120.6803191,24.09564901,回程,Dali S. H. S.(Dawei Rd.)
132,北屯區行政大樓-朝陽科技大學,19,東里國中路口,120.679472,24.095809,回程,Dongli Guozhong Intersection
132,北屯區行政大樓-朝陽科技大學,20,大里區公所,120.679427,24.099341,回程,Dali District Office
132,北屯區行政大樓-朝陽科技大學,21,大里國光路口,120.683011,24.100575,回程,Dali-Guoguang Intersection
132,北屯區行政大樓-朝陽科技大學,22,兒童藝術館(勝利二路),120.6878185,24.10030107,回程,Taichung English & Art Museum(Shengli 2nd Rd.)
132,北屯區行政大樓-朝陽科技大學,23,下內新,120.688637,24.102568,回程,Xianeixin
132,北屯區行政大樓-朝陽科技大學,24,立人高中,120.689406,24.105839,回程,Lizen Senior High School
132,北屯區行政大樓-朝陽科技大學,25,中興大里路口,120.6900287,24.10862538,回程,Zhongxue-Dali Intersection
132,北屯區行政大樓-朝陽科技大學,26,內新市場,120.689931,24.11107,回程,Neixin Market
132,北屯區行政大樓-朝陽科技大學,27,省農會,120.689857,24.112755,回程,Provincial Farmers` Association
132,北屯區行政大樓-朝陽科技大學,28,中興內新街口,120.689736,24.114082,回程,Zhongxing-Neixin Intersection
132,北屯區行政大樓-朝陽科技大學,29,菩提醫院,120.689579,24.115084,回程,Puti Hospital
132,北屯區行政大樓-朝陽科技大學,30,菸葉廠,120.689572,24.11794,回程,Tobacco Factory
132,北屯區行政大樓-朝陽科技大學,31,南門橋頭,120.68664,24.121198,回程,Nanmen Qiaotou
132,北屯區行政大樓-朝陽科技大學,32,明德高中(臺中路),120.6842995,24.12292234,回程,Mingder Senior High School(Taichung Rd.)
132,北屯區行政大樓-朝陽科技大學,33,南門仔,120.684042,24.12544863,回程,Nanmenzi
132,北屯區行政大樓-朝陽科技大學,34,興大附農(臺中路),120.684425,24.12723,回程,Taichung Agri. H.S. (Taichung Rd.)
132,北屯區行政大樓-朝陽科技大學,35,臺中國小,120.685017,24.130257,回程,Taichung  El. School
132,北屯區行政大樓-朝陽科技大學,36,第三市場,120.68354,24.133007,回程,The Third Market
132,北屯區行政大樓-朝陽科技大學,37,第一廣場,120.683578,24.138967,回程,First Square
132,北屯區行政大樓-朝陽科技大學,38,彰化銀行(臺灣大道),120.6826043,24.13984162,回程,Chang Hwa Bank (Taiwan Boulevard)
132,北屯區行政大樓-朝陽科技大學,39,第二市場(臺灣大道),120.6800294,24.1421326,回程,2nd Market (Taiwan Boulevard)
132,北屯區行政大樓-朝陽科技大學,40,中區公所(興中街),120.6797467,24.14437,回程,Central District Office
132,北屯區行政大樓-朝陽科技大學,41,臺中公園(三民路),120.682433,24.145842,回程,Taichung Park (Sanmin Rd.)
132,北屯區行政大樓-朝陽科技大學,42,國立臺中科技大學,120.6839347,24.14961226,回程,NTCUST
132,北屯區行政大樓-朝陽科技大學,43,中友百貨,120.68514,24.15241,回程,Chungyo Department Store
132,北屯區行政大樓-朝陽科技大學,44,一心市場,120.685778,24.154103,回程,Yixin Market
132,北屯區行政大樓-朝陽科技大學,45,三民錦中街口,120.6870983,24.15556333,回程,Sanmin-Jinzhong Intersection
132,北屯區行政大樓-朝陽科技大學,46,新民高中(三民路),120.687937,24.156218,回程,Shin-min H.S. (Sanmin Rd.)
132,北屯區行政大樓-朝陽科技大學,47,寶覺寺,120.689905,24.157925,回程,Baojue Temple
132,北屯區行政大樓-朝陽科技大學,48,監理站,120.692068,24.161015,回程,Motor Vehicles Office
132,北屯區行政大樓-朝陽科技大學,49,北屯國小(進化北路),120.691943,24.162838,回程,Beitun El. School(Jinhua N.Rd.)
132,北屯區行政大樓-朝陽科技大學,50,北屯市場,120.68986,24.16306,回程,Beitun Market
132,北屯區行政大樓-朝陽科技大學,51,稅務新村,120.6877327,24.16303344,回程,Shuiwu Community
132,北屯區行政大樓-朝陽科技大學,52,頂厝里,120.686313,24.16313,回程,Dingcuo Village
132,北屯區行政大樓-朝陽科技大學,53,崇德橋,120.684975,24.164112,回程,Chongde Bridge
132,北屯區行政大樓-朝陽科技大學,54,崇德青島路口,120.684985,24.167928,回程,Chongde-Qingdao Intersection
132,北屯區行政大樓-朝陽科技大學,55,崇德北平路口,120.685217,24.170508,回程,Chongde-Beiping Intersection
132,北屯區行政大樓-朝陽科技大學,56,崇德文心路口,120.6854983,24.171705,回程,Chongde-Wenxin Intersection
132,北屯區行政大樓-朝陽科技大學,57,崇德瀋陽路口,120.6854367,24.17320363,回程,Chongde-Shenyang Intersection
132,北屯區行政大樓-朝陽科技大學,58,崇德國中(民俗公園),120.6855977,24.17522973,回程,Chongde J. H. S.(Minsu Park)
132,北屯區行政大樓-朝陽科技大學,59,崇德一路口,120.685767,24.177235,回程,Chongde 1st Rd.
132,北屯區行政大樓-朝陽科技大學,60,崇德五路口,120.685882,24.17879248,回程,Chongde 5th Rd.
132,北屯區行政大樓-朝陽科技大學,61,崇德六路口,120.686075,24.180863,回程,Chongde 6th Rd.
132,北屯區行政大樓-朝陽科技大學,62,北屯區行政大樓,120.6861133,24.18260333,回程,Beitun District Admin. Building
133,高鐵臺中站 - 朝陽科技大學,1,高鐵臺中站,120.615897,24.111169,去程,HSR Taichung Station
133,高鐵臺中站 - 朝陽科技大學,2,烏日國中(新興路),120.617836,24.10581,去程,Wuri Junior High School(Xinxing Rd.)
133,高鐵臺中站 - 朝陽科技大學,3,烏日(新興路),120.62169,24.105109,去程,Wuri(Xinxing Rd.)
133,高鐵臺中站 - 朝陽科技大學,4,烏日區公所(新興路),120.62445,24.104286,去程,Wuri District Office(Xinxing Rd.)
133,高鐵臺中站 - 朝陽科技大學,5,新興五光路口,120.6276298,24.1041499,去程,Xinxing-Wuguang Intersection
133,高鐵臺中站 - 朝陽科技大學,6,烏日橋,120.632867,24.105782,去程,Wuri  Bridge
133,高鐵臺中站 - 朝陽科技大學,7,明道中學,120.637073,24.107507,去程,Mingdao High School
133,高鐵臺中站 - 朝陽科技大學,8,明道花園城,120.63859,24.107993,去程,Mingdao Garden City
133,高鐵臺中站 - 朝陽科技大學,9,九張犁,120.6413717,24.108735,去程,Jiuzhangli
133,高鐵臺中站 - 朝陽科技大學,10,樹仔腳,120.6455467,24.11009167,去程,Shuzijiao
133,高鐵臺中站 - 朝陽科技大學,11,復興環中路口,120.6479117,24.11083667,去程,Fuxing-Huanzhong Intersection
133,高鐵臺中站 - 朝陽科技大學,12,勤工派出所,120.6496933,24.11149,去程,Qingong Police Station
133,高鐵臺中站 - 朝陽科技大學,13,復興大慶街口,120.65307,24.11334833,去程,Fuxing-Daqing Intersection
133,高鐵臺中站 - 朝陽科技大學,14,文心南大慶街口,120.6559968,24.11418767,去程,Wenxin S.-Daqing Intersection
133,高鐵臺中站 - 朝陽科技大學,15,樹義國小,120.657694,24.112679,去程,Shuyi El.School
133,高鐵臺中站 - 朝陽科技大學,16,福田水資源廠,120.659805,24.110704,去程,Futian Water Resources Center
133,高鐵臺中站 - 朝陽科技大學,17,萬安,120.66237,24.108643,去程,Wan`an
133,高鐵臺中站 - 朝陽科技大學,18,清海化學,120.664609,24.106957,去程,Chinghai chemical Co.
133,高鐵臺中站 - 朝陽科技大學,19,文心南路1273巷口,120.668487,24.104153,去程,Wenxin S. Rd. 1273rd Ln.
133,高鐵臺中站 - 朝陽科技大學,20,德芳中投路口,120.672058,24.102106,去程,Defang-Zhongtou Intersection
133,高鐵臺中站 - 朝陽科技大學,21,進士公園(德芳路),120.675109,24.102854,去程,Jinshi Park (Defang Rd.)
133,高鐵臺中站 - 朝陽科技大學,22,環保公園,120.679132,24.104164,去程,Environment Protection Park
133,高鐵臺中站 - 朝陽科技大學,23,德芳兒童公園,120.683421,24.104005,去程,Defang Childrens Park
133,高鐵臺中站 - 朝陽科技大學,24,大元國小,120.69019,24.100759,去程,Dayuan  El.School
133,高鐵臺中站 - 朝陽科技大學,25,十九甲健康公園,120.695067,24.099841,去程,Shijiujia Jiankang Park
133,高鐵臺中站 - 朝陽科技大學,26,仁化慈德路口,120.698749,24.096515,去程,Renhua-Cide Intersection
133,高鐵臺中站 - 朝陽科技大學,27,仁化里,120.700913,24.096175,去程,Renhua Village
133,高鐵臺中站 - 朝陽科技大學,28,仁化仁愛路口,120.703424,24.096005,去程,Renhua-Renai Intersection
133,高鐵臺中站 - 朝陽科技大學,29,成功二吉祥街口,120.703722,24.093862,去程,Chenggong 2nd-Jixiang Intersection
133,高鐵臺中站 - 朝陽科技大學,30,成功,120.702856,24.088958,去程,Chenggong
133,高鐵臺中站 - 朝陽科技大學,31,下塗城,120.702762,24.088182,去程,Xiatucheng
133,高鐵臺中站 - 朝陽科技大學,32,竹圍(塗城路),120.705035,24.087822,去程,Zhuwei (Tucheng Rd.)
133,高鐵臺中站 - 朝陽科技大學,33,統一化學,120.707872,24.086985,去程,Tongyi Huaxue
133,高鐵臺中站 - 朝陽科技大學,34,美群國小,120.708662,24.083974,去程,Meiqun El. School
133,高鐵臺中站 - 朝陽科技大學,35,錦州吉峰西路口,120.708791,24.078112,去程,Jinzhou-Jifeng W. Intersection
133,高鐵臺中站 - 朝陽科技大學,36,吉峰社區,120.710985,24.076938,去程,Jifeng Community
133,高鐵臺中站 - 朝陽科技大學,37,台影文化城,120.715078,24.077073,去程,Taiying Wenhuacheng
133,高鐵臺中站 - 朝陽科技大學,38,吉峰里,120.71533,24.076322,去程,Jifeng Village
133,高鐵臺中站 - 朝陽科技大學,39,吉峰東路口,120.714578,24.075047,去程,Jifeng E. Rd.
133,高鐵臺中站 - 朝陽科技大學,40,吉峰東自強路口,120.715046,24.073747,去程,Jifeng E. -Ziqiang Intersection
133,高鐵臺中站 - 朝陽科技大學,41,朝陽科技大學,120.715612,24.069975,去程,Chaoyang University of Technology
133,高鐵臺中站 - 朝陽科技大學,1,朝陽科技大學,120.71551,24.07041,回程,Chaoyang University of Technology
133,高鐵臺中站 - 朝陽科技大學,2,吉峰東自強路口,120.715164,24.074051,回程,Jifeng E. -Ziqiang Intersection
133,高鐵臺中站 - 朝陽科技大學,3,吉峰東路口,120.714552,24.075035,回程,Jifeng E. Rd.
133,高鐵臺中站 - 朝陽科技大學,4,吉峰里,120.71533,24.076322,回程,Jifeng Village
133,高鐵臺中站 - 朝陽科技大學,5,台影文化城,120.7148337,24.07720562,回程,Taiying Wenhuacheng
133,高鐵臺中站 - 朝陽科技大學,6,吉峰社區,120.710985,24.076938,回程,Jifeng Community
133,高鐵臺中站 - 朝陽科技大學,7,錦州吉峰西路口,120.708804,24.078101,回程,Jinzhou-Jifeng W. Intersection
133,高鐵臺中站 - 朝陽科技大學,8,美群國小,120.708702,24.083954,回程,Meiqun El. School
133,高鐵臺中站 - 朝陽科技大學,9,統一化學,120.707872,24.086985,回程,Tongyi Huaxue
133,高鐵臺中站 - 朝陽科技大學,10,竹圍(塗城路),120.705035,24.087822,回程,Zhuwei (Tucheng Rd.)
133,高鐵臺中站 - 朝陽科技大學,11,成功,120.702883,24.088955,回程,Chenggong
133,高鐵臺中站 - 朝陽科技大學,12,成功二吉祥街口,120.703745,24.093881,回程,Chenggong 2nd-Jixiang Intersection
133,高鐵臺中站 - 朝陽科技大學,13,仁化仁愛路口,120.703322,24.096137,回程,Renhua-Renai Intersection
133,高鐵臺中站 - 朝陽科技大學,14,仁化里,120.70079,24.096273,回程,Renhua Village
133,高鐵臺中站 - 朝陽科技大學,15,仁化慈德路口,120.698191,24.096681,回程,Renhua-Cide Intersection
133,高鐵臺中站 - 朝陽科技大學,16,十九甲健康公園,120.695088,24.099887,回程,Shijiujia Jiankang Park
133,高鐵臺中站 - 朝陽科技大學,17,大元國小,120.690287,24.100976,回程,Dayuan  El.School
133,高鐵臺中站 - 朝陽科技大學,18,德芳南中興路口,120.686973,24.102596,回程,Defang S.- Zhongxing Intersection
133,高鐵臺中站 - 朝陽科技大學,19,德芳兒童公園,120.684301,24.103755,回程,Defang Childrens Park
133,高鐵臺中站 - 朝陽科技大學,20,環保公園,120.679014,24.104374,回程,Environment Protection Park
133,高鐵臺中站 - 朝陽科技大學,21,進士公園(德芳路),120.675688,24.103248,回程,Jinshi Park (Defang Rd.)
133,高鐵臺中站 - 朝陽科技大學,22,文心南路1273巷口,120.669021,24.104088,回程,Wenxin S. Rd. 1273rd Ln.
133,高鐵臺中站 - 朝陽科技大學,23,清海化學,120.664743,24.107089,回程,Chinghai chemical Co.
133,高鐵臺中站 - 朝陽科技大學,24,萬安,120.66237,24.108643,回程,Wan`an
133,高鐵臺中站 - 朝陽科技大學,25,福田水資源廠,120.660001,24.110824,回程,Futian Water Resources Center
133,高鐵臺中站 - 朝陽科技大學,26,樹義國小,120.657844,24.11285,回程,Shuyi El.School
133,高鐵臺中站 - 朝陽科技大學,27,復興大慶街口,120.6542158,24.11444228,回程,Fuxing-Daqing Intersection
133,高鐵臺中站 - 朝陽科技大學,28,勤工派出所,120.6507567,24.11193167,回程,Qingong Police Station
133,高鐵臺中站 - 朝陽科技大學,29,復興環中路口,120.6473783,24.11078833,回程,Fuxing-Huanzhong Intersection
133,高鐵臺中站 - 朝陽科技大學,30,樹仔腳,120.645005,24.11004,回程,Shuzijiao
133,高鐵臺中站 - 朝陽科技大學,31,九張犁,120.64138,24.108865,回程,Jiuzhangli
133,高鐵臺中站 - 朝陽科技大學,32,明道花園城,120.6384,24.10795,回程,Mingdao Garden City
133,高鐵臺中站 - 朝陽科技大學,33,明道中學,120.6366467,24.10730667,回程,Mingdao High School
133,高鐵臺中站 - 朝陽科技大學,34,烏日橋,120.632935,24.105812,回程,Wuri  Bridge
133,高鐵臺中站 - 朝陽科技大學,35,新興五光路口,120.6276298,24.1041499,回程,Xinxing-Wuguang Intersection
133,高鐵臺中站 - 朝陽科技大學,36,烏日區公所(新興路),120.62445,24.104286,回程,Wuri District Office(Xinxing Rd.)
133,高鐵臺中站 - 朝陽科技大學,37,烏日(新興路),120.62169,24.105109,回程,Wuri(Xinxing Rd.)
133,高鐵臺中站 - 朝陽科技大學,38,烏日國中(新興路),120.617836,24.10581,回程,Wuri Junior High School(Xinxing Rd.)
133,高鐵臺中站 - 朝陽科技大學,39,高鐵臺中站,120.615897,24.111169,回程,HSR Taichung Station
151,新市政中心- 朝陽科技大學,1,市警局,120.6475854,24.15935279,去程,Taichung City Police Bureau
151,新市政中心- 朝陽科技大學,2,臺中市政府,120.64692,24.16435,去程,Taichung City Hall
151,新市政中心- 朝陽科技大學,3,新光三越,120.64418,24.1658,去程,Shin Kong Mitsukoshi Department Store
151,新市政中心- 朝陽科技大學,4,秋紅谷(朝陽橋),120.63968,24.16892,去程,Maple Garden(Chaoyang Bridge)
151,新市政中心- 朝陽科技大學,5,朝馬2(臺灣大道),120.63517,24.171874,去程,Chaoma 2 (Taiwan Boulevard)
151,新市政中心- 朝陽科技大學,6,高鐵臺中站,120.615897,24.111169,去程,HSR Taichung Station
151,新市政中心- 朝陽科技大學,7,林森中正路口,120.6962,24.0557,去程,Linsen-Zhongzheng Intersection
151,新市政中心- 朝陽科技大學,8,林森福新路口,120.6956,24.0585,去程,Linsen-Fuxin Intersection
151,新市政中心- 朝陽科技大學,9,亞大醫院,120.686426,24.05344,去程,Asia University Hospital
151,新市政中心- 朝陽科技大學,10,福新柳豐路口,120.684974,24.051657,去程,Fuxin - Liufeng Intersection
151,新市政中心- 朝陽科技大學,11,新厝路550巷口,120.686478,24.049335,去程,Xincuo Rd. 550 Ln.
151,新市政中心- 朝陽科技大學,12,亞洲大學安藤館,120.687562,24.046621,去程,Asia University Ando Museum
151,新市政中心- 朝陽科技大學,13,王厝,120.688596,24.043765,去程,Wangcuo
151,新市政中心- 朝陽科技大學,14,光復國中小(柳豐路),120.68992,24.043059,去程,Guang Fu Junior High adnd El. School (Liufong Rd)
151,新市政中心- 朝陽科技大學,15,坑口里(光復新村),120.692176,24.045367,去程,Kengkou Village(Guangfuxincun)
151,新市政中心- 朝陽科技大學,16,八德橋,120.694028,24.049502,去程,Bade Bridge
151,新市政中心- 朝陽科技大學,17,省議會,120.697213,24.055475,去程,T.P.C.C.
151,新市政中心- 朝陽科技大學,18,霧峰國小,120.69793,24.05764,去程,Wu Feng El. School
151,新市政中心- 朝陽科技大學,19,教育部國教署,120.698067,24.059738,去程,Ministry of Education
151,新市政中心- 朝陽科技大學,20,霧峰郵局,120.69847,24.062517,去程,Wufeng Post Office
151,新市政中心- 朝陽科技大學,21,霧峰,120.698675,24.064103,去程,Wufeng
151,新市政中心- 朝陽科技大學,22,中正草湖路口,120.6989,24.067,去程,Zhongzheng-Caohu Intersection
151,新市政中心- 朝陽科技大學,23,甲寅,120.69928,24.0697,去程,Jiayin
151,新市政中心- 朝陽科技大學,24,霧峰農工,120.699863,24.073315,去程,Wufeng Agricultural and Industrial Vocational High School
151,新市政中心- 朝陽科技大學,25,霧峰分局,120.7011,24.0758,去程,Wufeng Police Precinct
151,新市政中心- 朝陽科技大學,26,全陽社區,120.7070875,24.07648076,去程,Quanchang Community
151,新市政中心- 朝陽科技大學,27,吉峰社區,120.710985,24.076938,去程,Jifeng Community
151,新市政中心- 朝陽科技大學,28,台影文化城,120.715078,24.077073,去程,Taiying Wenhuacheng
151,新市政中心- 朝陽科技大學,29,吉峰里,120.71533,24.076322,去程,Jifeng Village
151,新市政中心- 朝陽科技大學,30,吉峰東路口,120.714578,24.075047,去程,Jifeng E. Rd.
151,新市政中心- 朝陽科技大學,31,吉峰東自強路口,120.715046,24.073747,去程,Jifeng E. -Ziqiang Intersection
151,新市政中心- 朝陽科技大學,32,朝陽科技大學,120.715612,24.069975,去程,Chaoyang University of Technology
151,新市政中心- 朝陽科技大學,1,朝陽科技大學,120.715515,24.070408,回程,Chaoyang University of Technology
151,新市政中心- 朝陽科技大學,2,吉峰東自強路口,120.715046,24.073747,回程,Jifeng E. -Ziqiang Intersection
151,新市政中心- 朝陽科技大學,3,吉峰東路口,120.714578,24.075047,回程,Jifeng E. Rd.
151,新市政中心- 朝陽科技大學,4,吉峰里,120.71533,24.076322,回程,Jifeng Village
151,新市政中心- 朝陽科技大學,5,台影文化城,120.715078,24.077073,回程,Taiying Wenhuacheng
151,新市政中心- 朝陽科技大學,6,吉峰社區,120.710985,24.076938,回程,Jifeng Community
151,新市政中心- 朝陽科技大學,7,全陽社區,120.7070875,24.07648076,回程,Quanchang Community
151,新市政中心- 朝陽科技大學,8,霧峰分局,120.7011,24.0758,回程,Wufeng Police Precinct
151,新市政中心- 朝陽科技大學,9,霧峰農工,120.699863,24.073315,回程,Wufeng Agricultural and Industrial Vocational High School
151,新市政中心- 朝陽科技大學,10,甲寅,120.69928,24.0697,回程,Jiayin
151,新市政中心- 朝陽科技大學,11,中正草湖路口,120.6989,24.067,回程,Zhongzheng-Caohu Intersection
151,新市政中心- 朝陽科技大學,12,霧峰,120.698675,24.064103,回程,Wufeng
151,新市政中心- 朝陽科技大學,13,霧峰郵局,120.69847,24.062517,回程,Wufeng Post Office
151,新市政中心- 朝陽科技大學,14,教育部國教署,120.698067,24.059738,回程,Ministry of Education
151,新市政中心- 朝陽科技大學,15,霧峰國小,120.69793,24.05764,回程,Wu Feng El. School
151,新市政中心- 朝陽科技大學,16,省議會,120.697213,24.055475,回程,T.P.C.C.
151,新市政中心- 朝陽科技大學,17,八德橋,120.694028,24.049502,回程,Bade Bridge
151,新市政中心- 朝陽科技大學,18,坑口里(光復新村),120.692176,24.045367,回程,Kengkou Village(Guangfuxincun)
151,新市政中心- 朝陽科技大學,19,光復國中小(柳豐路),120.68992,24.043059,回程,Guang Fu Junior High adnd El. School (Liufong Rd)
151,新市政中心- 朝陽科技大學,20,王厝,120.688596,24.043765,回程,Wangcuo
151,新市政中心- 朝陽科技大學,21,亞洲大學安藤館,120.687562,24.046621,回程,Asia University Ando Museum
151,新市政中心- 朝陽科技大學,22,新厝路550巷口,120.686478,24.049335,回程,Xincuo Rd. 550 Ln.
151,新市政中心- 朝陽科技大學,23,福新柳豐路口,120.684974,24.051657,回程,Fuxin - Liufeng Intersection
151,新市政中心- 朝陽科技大學,24,亞大醫院,120.686426,24.05344,回程,Asia University Hospital
151,新市政中心- 朝陽科技大學,25,林森福新路口,120.6953,24.0584,回程,Linsen-Fuxin Intersection
151,新市政中心- 朝陽科技大學,26,林森中正路口,120.696,24.0554,回程,Linsen-Zhongzheng Intersection
151,新市政中心- 朝陽科技大學,27,高鐵臺中站,120.615897,24.111169,回程,HSR Taichung Station
151,新市政中心- 朝陽科技大學,28,朝馬2(臺灣大道),120.6356,24.1722,回程,Chaoma 2 (Taiwan Boulevard)
151,新市政中心- 朝陽科技大學,29,朝馬(臺灣大道),120.637167,24.170592,回程,Chaoma (Taiwan Boulevard)
151,新市政中心- 朝陽科技大學,30,秋紅谷(朝陽橋),120.63957,24.16852,回程,Maple Garden(Chaoyang Bridge)
151,新市政中心- 朝陽科技大學,31,新光三越,120.64431,24.16537,回程,Shin Kong Mitsukoshi Department Store
151,新市政中心- 朝陽科技大學,32,臺中市政府,120.64738,24.16364,回程,Taichung City Hall
151,新市政中心- 朝陽科技大學,33,市警局,120.6475854,24.15935279,回程,Taichung City Police Bureau
151A,朝陽科技大學 - 新市政中心,1,朝陽科技大學,120.715515,24.070408,去程,Chaoyang University of Technology
151A,朝陽科技大學 - 新市政中心,2,吉峰東自強路口,120.715046,24.073747,去程,Jifeng E. -Ziqiang Intersection
151A,朝陽科技大學 - 新市政中心,3,吉峰東路口,120.714578,24.075047,去程,Jifeng E. Rd.
151A,朝陽科技大學 - 新市政中心,4,吉峰里,120.71533,24.076322,去程,Jifeng Village
151A,朝陽科技大學 - 新市政中心,5,台影文化城,120.715078,24.077073,去程,Taiying Wenhuacheng
151A,朝陽科技大學 - 新市政中心,6,吉峰社區,120.710985,24.076938,去程,Jifeng Community
151A,朝陽科技大學 - 新市政中心,7,全陽社區,120.7070875,24.07648076,去程,Quanchang Community
151A,朝陽科技大學 - 新市政中心,8,霧峰分局,120.7011,24.0758,去程,Wufeng Police Precinct
151A,朝陽科技大學 - 新市政中心,9,霧峰農工,120.699863,24.073315,去程,Wufeng Agricultural and Industrial Vocational High School
151A,朝陽科技大學 - 新市政中心,10,甲寅,120.69928,24.0697,去程,Jiayin
151A,朝陽科技大學 - 新市政中心,11,中正草湖路口,120.6989,24.067,去程,Zhongzheng-Caohu Intersection
151A,朝陽科技大學 - 新市政中心,12,霧峰,120.698675,24.064103,去程,Wufeng
151A,朝陽科技大學 - 新市政中心,13,霧峰郵局,120.69847,24.062517,去程,Wufeng Post Office
151A,朝陽科技大學 - 新市政中心,14,教育部國教署,120.698067,24.059738,去程,Ministry of Education
151A,朝陽科技大學 - 新市政中心,15,霧峰國小,120.69793,24.05764,去程,Wu Feng El. School
151A,朝陽科技大學 - 新市政中心,16,省議會,120.697213,24.055475,去程,T.P.C.C.
151A,朝陽科技大學 - 新市政中心,17,高鐵臺中站,120.615897,24.111169,去程,HSR Taichung Station
151A,朝陽科技大學 - 新市政中心,18,朝馬2(臺灣大道),120.6356,24.1722,去程,Chaoma 2 (Taiwan Boulevard)
151A,朝陽科技大學 - 新市政中心,19,朝馬(臺灣大道),120.637167,24.170592,去程,Chaoma (Taiwan Boulevard)
151A,朝陽科技大學 - 新市政中心,20,秋紅谷(朝陽橋),120.63957,24.16852,去程,Maple Garden(Chaoyang Bridge)
151A,朝陽科技大學 - 新市政中心,21,新光三越,120.64431,24.16537,去程,Shin Kong Mitsukoshi Department Store
151A,朝陽科技大學 - 新市政中心,22,臺中市政府,120.64738,24.16364,去程,Taichung City Hall
151A,朝陽科技大學 - 新市政中心,23,市警局,120.6475854,24.15935279,去程,Taichung City Police Bureau
158,高鐵臺中站 - 朝陽科技大學,1,高鐵臺中站,120.615897,24.111169,去程,HSR Taichung Station
158,高鐵臺中站 - 朝陽科技大學,2,光日站,120.626632,24.10880165,去程,Guangri Stop
158,高鐵臺中站 - 朝陽科技大學,3,九德(建國路),120.63425,24.11078,去程,Jiude(  Jianguo Rd.)
158,高鐵臺中站 - 朝陽科技大學,4,大慶火車站,120.647835,24.11912833,去程,Daqing Station
158,高鐵臺中站 - 朝陽科技大學,5,中山醫學大學(建國北路),120.6518447,24.12166408,去程,Chungshan Med. U.(Jianguo N. Rd.)
158,高鐵臺中站 - 朝陽科技大學,6,崇倫,120.6565762,24.12464571,去程,Chong Lun
158,高鐵臺中站 - 朝陽科技大學,7,民興公園(執行分署),120.664646,24.128256,去程,Minxing Park
158,高鐵臺中站 - 朝陽科技大學,8,公館(三民路),120.6696067,24.13289833,去程,Gongguan(Sanmin Rd.)
158,高鐵臺中站 - 朝陽科技大學,9,三民林森路口,120.672477,24.135557,去程,Sanmin-Linsen Intersection
158,高鐵臺中站 - 朝陽科技大學,10,忠孝國小,120.6740633,24.13723,去程,Chuna-Hsiao El. School
158,高鐵臺中站 - 朝陽科技大學,11,臺中科大民生校區,120.676037,24.138995,去程,NTCUST
158,高鐵臺中站 - 朝陽科技大學,12,美榮藥局,120.678286,24.141217,去程,Mei Rong Pharmacy
158,高鐵臺中站 - 朝陽科技大學,13,光復國小(三民路),120.680694,24.143535,去程,Guang Fu El. School(Sanmin Rd.)
158,高鐵臺中站 - 朝陽科技大學,14,臺中公園(公園路),120.682537,24.143817,去程,Taichung Park(Gongyuan Rd.)
158,高鐵臺中站 - 朝陽科技大學,15,公園自由路口,120.6839117,24.14265833,去程,Gongyuan-Ziyou Intersection
158,高鐵臺中站 - 朝陽科技大學,16,干城站,120.68581,24.142003,去程,Gancheng Station
158,高鐵臺中站 - 朝陽科技大學,17,臺中火車站,120.68301,24.136313,去程,Taichung Railway Station
158,高鐵臺中站 - 朝陽科技大學,18,第三市場,120.6838383,24.132775,去程,The Third Market
158,高鐵臺中站 - 朝陽科技大學,19,臺中國小,120.6850967,24.13037333,去程,Taichung  El. School
158,高鐵臺中站 - 朝陽科技大學,20,興大附農(臺中路),120.684403,24.127492,去程,Taichung Agri. H.S. (Taichung Rd.)
158,高鐵臺中站 - 朝陽科技大學,21,南門仔,120.684058,24.12568,去程,Nanmenzi
158,高鐵臺中站 - 朝陽科技大學,22,明德高中(臺中路),120.684187,24.12273,去程,Mingder Senior High School(Taichung Rd.)
158,高鐵臺中站 - 朝陽科技大學,23,興大二村,120.68177,24.12244,去程,Xingda 2nd Village
158,高鐵臺中站 - 朝陽科技大學,24,中興大學(國光路),120.6793967,24.12132833,去程,Chung Hsing U. (Guoguang Rd.)
158,高鐵臺中站 - 朝陽科技大學,25,國光忠明南路口,120.67915,24.1183,去程,Guoguang-Zhongming S. Intersection
158,高鐵臺中站 - 朝陽科技大學,26,國光橋,120.679183,24.11585,去程,Guoguang Bridge
158,高鐵臺中站 - 朝陽科技大學,27,國光東興路口,120.6789351,24.1136295,去程,Guoguang-Dongxing Intersection
158,高鐵臺中站 - 朝陽科技大學,28,大里仁愛醫院(東榮路),120.679883,24.109667,去程,Dali Ren-Ai Hospital ( Dongrong Rd.)
158,高鐵臺中站 - 朝陽科技大學,29,興大附中(東榮路),120.6834412,24.11007473,去程,NCHU Affiliated Senior High Schooll ( Dongrong Rd.)
158,高鐵臺中站 - 朝陽科技大學,30,大里地政事務所,120.6856459,24.1103881,去程,Da Li Land Offices
158,高鐵臺中站 - 朝陽科技大學,31,大里公園,120.687992,24.1102,去程,Dali Park
158,高鐵臺中站 - 朝陽科技大學,32,中興大里路口,120.690013,24.108695,去程,Zhongxue-Dali Intersection
158,高鐵臺中站 - 朝陽科技大學,33,立人高中,120.689406,24.105839,去程,Lizen Senior High School
158,高鐵臺中站 - 朝陽科技大學,34,下內新,120.688637,24.102568,去程,Xianeixin
158,高鐵臺中站 - 朝陽科技大學,35,兒童藝術館(中興路),120.6879,24.10002,去程,Taichung English & Art Museum
158,高鐵臺中站 - 朝陽科技大學,36,大突寮(中興路),120.686942,24.097347,去程,Datuliao (Zhongxing Rd.)
158,高鐵臺中站 - 朝陽科技大學,37,仁化中興路口,120.6913912,24.09195663,去程,Renhua-Zhongxing Intersection
158,高鐵臺中站 - 朝陽科技大學,38,仁化至善路口,120.6954575,24.09601139,去程,Renhua-Zhishan  Intersection
158,高鐵臺中站 - 朝陽科技大學,39,仁化慈德路口,120.698749,24.096515,去程,Renhua-Cide Intersection
158,高鐵臺中站 - 朝陽科技大學,40,仁化里,120.700913,24.096175,去程,Renhua Village
158,高鐵臺中站 - 朝陽科技大學,41,仁化仁愛路口,120.703453,24.096048,去程,Renhua-Renai Intersection
158,高鐵臺中站 - 朝陽科技大學,42,仁化仁城路口,120.7070017,24.09521808,去程,Renhua-Rencheng  Rd. Intersection
158,高鐵臺中站 - 朝陽科技大學,43,百姓公廟,120.709622,24.094408,去程,Baixinggong Temple
158,高鐵臺中站 - 朝陽科技大學,44,修平科技大學,120.713917,24.09515,去程,Hsiuping University
158,高鐵臺中站 - 朝陽科技大學,45,車站前,120.717065,24.094488,去程,Front Station
158,高鐵臺中站 - 朝陽科技大學,46,金田公司,120.7192004,24.09414073,去程,Jintian Co.
158,高鐵臺中站 - 朝陽科技大學,47,和大公司,120.721542,24.092512,去程,Heda Co.
158,高鐵臺中站 - 朝陽科技大學,48,大愛一村,120.728043,24.091383,去程,Da-ai 1st Village
158,高鐵臺中站 - 朝陽科技大學,49,健民國小,120.727767,24.089733,去程,Jam-Ming El. School
158,高鐵臺中站 - 朝陽科技大學,50,吉峰國小,120.718405,24.079662,去程,Gi-Fon Elementary School
158,高鐵臺中站 - 朝陽科技大學,51,交叉點,120.717042,24.077641,去程,Intersection
158,高鐵臺中站 - 朝陽科技大學,52,吉峰里,120.7149303,24.07615751,去程,Jifeng Village
158,高鐵臺中站 - 朝陽科技大學,53,吉峰東路口,120.714578,24.075047,去程,Jifeng E. Rd.
158,高鐵臺中站 - 朝陽科技大學,54,吉峰東自強路口,120.715046,24.073747,去程,Jifeng E. -Ziqiang Intersection
158,高鐵臺中站 - 朝陽科技大學,55,朝陽科技大學,120.715612,24.069975,去程,Chaoyang University of Technology
158,高鐵臺中站 - 朝陽科技大學,1,朝陽科技大學,120.715515,24.070408,回程,Chaoyang University of Technology
158,高鐵臺中站 - 朝陽科技大學,2,吉峰東自強路口,120.715164,24.074051,回程,Jifeng E. -Ziqiang Intersection
158,高鐵臺中站 - 朝陽科技大學,3,吉峰東路口,120.714578,24.075047,回程,Jifeng E. Rd.
158,高鐵臺中站 - 朝陽科技大學,4,吉峰里,120.7149303,24.07615751,回程,Jifeng Village
158,高鐵臺中站 - 朝陽科技大學,5,交叉點,120.717042,24.077641,回程,Intersection
158,高鐵臺中站 - 朝陽科技大學,6,吉峰國小,120.718405,24.079662,回程,Gi-Fon Elementary School
158,高鐵臺中站 - 朝陽科技大學,7,健民國小,120.727767,24.089733,回程,Jam-Ming El. School
158,高鐵臺中站 - 朝陽科技大學,8,大愛一村,120.7279122,24.09144732,回程,Da-ai 1st Village
158,高鐵臺中站 - 朝陽科技大學,9,和大公司,120.7214427,24.09263243,回程,Heda Co.
158,高鐵臺中站 - 朝陽科技大學,10,金田公司,120.7192004,24.09414073,回程,Jintian Co.
158,高鐵臺中站 - 朝陽科技大學,11,車站前,120.717065,24.094488,回程,Front Station
158,高鐵臺中站 - 朝陽科技大學,12,修平科技大學,120.7137716,24.09507116,回程,Hsiuping University
158,高鐵臺中站 - 朝陽科技大學,13,百姓公廟,120.709622,24.094408,回程,Baixinggong Temple
158,高鐵臺中站 - 朝陽科技大學,14,仁化仁城路口,120.7068408,24.09525725,回程,Renhua-Rencheng  Rd. Intersection
158,高鐵臺中站 - 朝陽科技大學,15,仁化仁愛路口,120.703453,24.096048,回程,Renhua-Renai Intersection
158,高鐵臺中站 - 朝陽科技大學,16,仁化里,120.70079,24.096273,回程,Renhua Village
158,高鐵臺中站 - 朝陽科技大學,17,仁化慈德路口,120.698191,24.096681,回程,Renhua-Cide Intersection
158,高鐵臺中站 - 朝陽科技大學,18,仁化至善路口,120.6955755,24.09634438,回程,Renhua-Zhishan  Intersection
158,高鐵臺中站 - 朝陽科技大學,19,仁化中興路口,120.6913161,24.0920056,回程,Renhua-Zhongxing Intersection
158,高鐵臺中站 - 朝陽科技大學,20,大突寮(中興路),120.686942,24.097347,回程,Datuliao (Zhongxing Rd.)
158,高鐵臺中站 - 朝陽科技大學,21,兒童藝術館(中興路),120.6879,24.10002,回程,Taichung English & Art Museum
158,高鐵臺中站 - 朝陽科技大學,22,下內新,120.6884408,24.10271028,回程,Xianeixin
158,高鐵臺中站 - 朝陽科技大學,23,立人高中,120.689406,24.105839,回程,Lizen Senior High School
158,高鐵臺中站 - 朝陽科技大學,24,中興大里路口,120.690013,24.108695,回程,Zhongxue-Dali Intersection
158,高鐵臺中站 - 朝陽科技大學,25,大里公園,120.687351,24.110275,回程,Dali Park
158,高鐵臺中站 - 朝陽科技大學,26,大里地政事務所,120.6856459,24.1103881,回程,Da Li Land Offices
158,高鐵臺中站 - 朝陽科技大學,27,興大附中(東榮路),120.6834412,24.11007473,回程,NCHU Affiliated Senior High Schooll ( Dongrong Rd.)
158,高鐵臺中站 - 朝陽科技大學,28,大里仁愛醫院(國光路),120.679883,24.109667,回程,Dali Ren-Ai Hospital (Guoguang Rd.)
158,高鐵臺中站 - 朝陽科技大學,29,國光東興路口,120.6789351,24.1136295,回程,Guoguang-Dongxing Intersection
158,高鐵臺中站 - 朝陽科技大學,30,國光橋,120.679467,24.115883,回程,Guoguang Bridge
158,高鐵臺中站 - 朝陽科技大學,31,國光忠明南路口,120.67915,24.1183,回程,Guoguang-Zhongming S. Intersection
158,高鐵臺中站 - 朝陽科技大學,32,中興大學(國光路),120.6792483,24.12134833,回程,Chung Hsing U. (Guoguang Rd.)
158,高鐵臺中站 - 朝陽科技大學,33,興大二村,120.681381,24.122428,回程,Xingda 2nd Village
158,高鐵臺中站 - 朝陽科技大學,34,明德高中(南門路),120.68374,24.12239333,回程,Mingder Senior High School(Nanmen Rd.)
158,高鐵臺中站 - 朝陽科技大學,35,南門仔,120.6842458,24.12529196,回程,Nanmenzi
158,高鐵臺中站 - 朝陽科技大學,36,興大附農(臺中路),120.684403,24.127492,回程,Taichung Agri. H.S. (Taichung Rd.)
158,高鐵臺中站 - 朝陽科技大學,37,臺中國小,120.685058,24.13029,回程,Taichung  El. School
158,高鐵臺中站 - 朝陽科技大學,38,第三市場,120.6836717,24.132765,回程,The Third Market
158,高鐵臺中站 - 朝陽科技大學,39,臺中火車站,120.683912,24.136519,回程,Taichung Railway Station
158,高鐵臺中站 - 朝陽科技大學,40,干城站,120.686055,24.14094,回程,Gancheng Station
158,高鐵臺中站 - 朝陽科技大學,41,臺中公園(自由路),120.685648,24.143232,回程,Taichung Park (Ziyou Rd.)
158,高鐵臺中站 - 朝陽科技大學,42,公園自由路口,120.683965,24.14276,回程,Gongyuan-Ziyou Intersection
158,高鐵臺中站 - 朝陽科技大學,43,光復國小(三民路),120.681354,24.144189,回程,Guang Fu El. School(Sanmin Rd.)
158,高鐵臺中站 - 朝陽科技大學,44,第二市場(三民路),120.6800033,24.14267667,回程,2nd Market (Sanmin Rd.)
158,高鐵臺中站 - 朝陽科技大學,45,美榮藥局,120.678653,24.141577,回程,Mei Rong Pharmacy
158,高鐵臺中站 - 朝陽科技大學,46,臺中科大民生校區,120.676037,24.138995,回程,NTCUST
158,高鐵臺中站 - 朝陽科技大學,47,忠孝國小,120.6740933,24.137095,回程,Chuna-Hsiao El. School
158,高鐵臺中站 - 朝陽科技大學,48,三民林森路口,120.672477,24.135557,回程,Sanmin-Linsen Intersection
158,高鐵臺中站 - 朝陽科技大學,49,公館(三民路),120.6696033,24.13271167,回程,Gongguan(Sanmin Rd.)
158,高鐵臺中站 - 朝陽科技大學,50,民興公園(執行分署),120.664646,24.128256,回程,Minxing Park
158,高鐵臺中站 - 朝陽科技大學,51,崇倫,120.6565762,24.12464571,回程,Chong Lun
158,高鐵臺中站 - 朝陽科技大學,52,中山醫學大學(建國北路),120.6521559,24.12145355,回程,Chungshan Med. U.(Jianguo N. Rd.)
158,高鐵臺中站 - 朝陽科技大學,53,大慶火車站,120.647835,24.11912833,回程,Daqing Station
158,高鐵臺中站 - 朝陽科技大學,54,九德(建國路),120.63425,24.11078,回程,Jiude(  Jianguo Rd.)
158,高鐵臺中站 - 朝陽科技大學,55,光日站,120.6260633,24.108596,回程,Guangri Stop
158,高鐵臺中站 - 朝陽科技大學,56,高鐵臺中站,120.615897,24.111169,回程,HSR Taichung Station